[
    {
        "id": 1,
        "title": "Deep Learning with Python",
        "author": "François Chollet",
        "price": 800,
        "image": "images/deeplearning.jpg"
    },
    {
        "id": 2,
        "title": "Python Crash Course",
        "author": "Eric Matthes",
        "price": 500,
        "image": "images/pythoncrash.jpg"
    },
    {
        "id": 3,
        "title": "Fluent Python",
        "author": "Luciano Ramalho",
        "price": 600,
        "image": "images/fluentpython.png"
    },
    {
        "id": 4,
        "title": "Automate the Boring Stuff with Python",
        "author": "Al Sweigart",
        "price": 450,
        "image": "images/automate.jpg"
    },
    {
        "id": 5,
        "title": "Learning Python",
        "author": "Mark Lutz",
        "price": 700,
        "image": "images/learningpython.jpg"
    },
    {
        "id": 6,
        "title": "Python Cookbook",
        "author": "David Beazley, Brian K. Jones",
        "price": 750,
        "image": "images/pythoncookbook.jpg"
    }
]